"mlHG","cVerdura","dCigarro","cCarneKG","cPescadoKG","dCafe"
"17.33","16","No fuma","14","0","Si Cafe"
"7.5","12","Si fuma","10","0","Si Cafe"
"10.63","13","Si fuma","16","10","No Cafe"
"3.6","12","Si fuma","13","0","Si Cafe"
"4.5","12","Si fuma","36","6","Si Cafe"
"6.88","12","Si fuma","11","4","No Cafe"
"8.48","12","No fuma","29","13","Si Cafe"
"6.33","16","Si fuma","9","9","No Cafe"
"0.53","12","Si fuma","3","1","No Cafe"
"6","11","Si fuma","37","8","No Cafe"
"9.56","16","No fuma","3","3","Si Cafe"
"7.78","16","No fuma","11","10","Si Cafe"
"12.5","16","No fuma","31","0","Si Cafe"
"12.5","15","No fuma","30","0","Si Cafe"
"3.25","8","Si fuma","9","1","Si Cafe"
"13","14","No fuma","23","5","Si Cafe"
"4.5","14","Si fuma","2","5","No Cafe"
"9.68","13","Si fuma","16","16","No Cafe"
"5","12","Si fuma","7","3","No Cafe"
"4.68","12","Si fuma","3","0","No Cafe"
"4.27","16","Si fuma","22","4","Si Cafe"
"6.15","12","Si fuma","15","6","Si Cafe"
"3.51","4","No fuma","39","15","Si Cafe"
"3","14","Si fuma","3","3","Si Cafe"
"6.25","12","Si fuma","11","0","No Cafe"
"7.81","12","Si fuma","3","0","Si Cafe"
"10","12","Si fuma","20","5","Si Cafe"
"4.5","14","Si fuma","16","0","Si Cafe"
"4","11","Si fuma","45","12","Si Cafe"
"6.38","13","Si fuma","11","4","No Cafe"
"13.7","15","No fuma","20","13","Si Cafe"
"1.67","10","No fuma","1","0","No Cafe"
"2.93","12","Si fuma","36","2","Si Cafe"
"3.65","14","No fuma","9","2","No Cafe"
"2.9","12","Si fuma","15","1","Si Cafe"
"1.63","12","Si fuma","18","0","No Cafe"
"8.6","16","Si fuma","3","2","No Cafe"
"5","12","No fuma","15","5","Si Cafe"
"6","12","No fuma","7","7","Si Cafe"
"2.5","12","No fuma","2","0","No Cafe"
"3.25","15","No fuma","3","0","No Cafe"
"3.4","16","Si fuma","1","1","No Cafe"
"10","8","No fuma","13","0","No Cafe"
"21.63","18","Si fuma","8","8","No Cafe"
"4.38","16","No fuma","7","0","No Cafe"
"11.71","13","Si fuma","40","20","No Cafe"
"12.39","14","No fuma","42","5","No Cafe"
"6.25","10","No fuma","36","8","No Cafe"
"3.71","10","Si fuma","13","0","No Cafe"
"7.78","14","No fuma","9","3","No Cafe"
"19.98","14","No fuma","26","23","Si Cafe"
"6.25","16","Si fuma","7","4","Si Cafe"
"10","12","No fuma","25","3","Si Cafe"
"5.71","16","No fuma","10","5","Si Cafe"
"2","12","Si fuma","3","2","No Cafe"
"5.71","16","Si fuma","3","0","No Cafe"
"13.08","17","No fuma","17","2","Si Cafe"
"4.91","12","No fuma","17","8","Si Cafe"
"2.91","12","Si fuma","20","34","Si Cafe"
"3.75","12","Si fuma","7","0","Si Cafe"
"11.9","13","No fuma","24","19","Si Cafe"
"4","12","Si fuma","28","0","Si Cafe"
"3.1","12","Si fuma","2","1","No Cafe"
"8.45","12","No fuma","19","13","Si Cafe"
"7.14","18","No fuma","13","0","Si Cafe"
"4.5","9","No fuma","22","5","Si Cafe"
"4.65","16","No fuma","3","1","No Cafe"
"2.9","10","Si fuma","4","0","No Cafe"
"6.67","12","No fuma","7","5","No Cafe"
"3.5","12","Si fuma","6","2","No Cafe"
"3.26","12","Si fuma","13","3","Si Cafe"
"3.25","12","Si fuma","14","0","Si Cafe"
"8","12","Si fuma","14","4","No Cafe"
"9.85","8","No fuma","40","24","Si Cafe"
"7.5","12","No fuma","11","7","Si Cafe"
"5.91","12","No fuma","14","6","Si Cafe"
"11.76","14","No fuma","40","39","Si Cafe"
"3","12","Si fuma","1","0","No Cafe"
"4.81","12","Si fuma","2","0","No Cafe"
"6.5","12","Si fuma","4","1","No Cafe"
"4","9","Si fuma","19","1","Si Cafe"
"3.5","13","No fuma","1","0","No Cafe"
"13.16","12","No fuma","34","22","Si Cafe"
"4.25","14","No fuma","5","2","Si Cafe"
"3.5","12","No fuma","3","0","No Cafe"
"5.13","15","Si fuma","6","6","No Cafe"
"3.75","12","Si fuma","14","0","Si Cafe"
"4.5","12","Si fuma","35","12","Si Cafe"
"7.63","12","Si fuma","8","4","No Cafe"
"15","14","No fuma","7","7","Si Cafe"
"6.85","15","Si fuma","11","3","Si Cafe"
"13.33","12","No fuma","14","11","Si Cafe"
"6.67","12","No fuma","35","10","No Cafe"
"2.53","12","Si fuma","46","0","No Cafe"
"9.8","17","No fuma","7","0","Si Cafe"
"3.37","11","No fuma","45","12","Si Cafe"
"24.98","18","No fuma","29","25","Si Cafe"
"5.4","12","No fuma","6","3","Si Cafe"
"6.11","14","No fuma","15","0","Si Cafe"
"4.2","14","Si fuma","33","16","Si Cafe"
"3.75","10","No fuma","15","0","No Cafe"
"3.5","14","Si fuma","5","0","Si Cafe"
"3.64","12","No fuma","7","2","No Cafe"
"3.8","15","No fuma","6","1","Si Cafe"
"3","8","Si fuma","33","12","Si Cafe"
"5","16","Si fuma","2","1","Si Cafe"
"4.63","14","Si fuma","4","0","Si Cafe"
"3","15","No fuma","1","0","No Cafe"
"3.2","12","Si fuma","29","0","No Cafe"
"3.91","18","No fuma","17","3","Si Cafe"
"6.43","16","Si fuma","17","3","Si Cafe"
"5.48","10","Si fuma","36","3","Si Cafe"
"1.5","8","No fuma","31","30","No Cafe"
"2.9","10","Si fuma","23","2","No Cafe"
"5","11","No fuma","13","1","Si Cafe"
"8.92","18","No fuma","3","3","Si Cafe"
"5","15","No fuma","15","0","No Cafe"
"3.52","12","No fuma","48","1","Si Cafe"
"2.9","11","Si fuma","6","0","No Cafe"
"4.5","12","No fuma","12","0","Si Cafe"
"2.25","12","Si fuma","5","0","No Cafe"
"5","14","No fuma","19","5","Si Cafe"
"10","16","No fuma","9","3","Si Cafe"
"3.75","2","No fuma","39","13","Si Cafe"
"10","14","Si fuma","28","11","Si Cafe"
"10.95","16","No fuma","23","20","Si Cafe"
"7.9","12","No fuma","2","0","No Cafe"
"4.72","12","Si fuma","15","1","No Cafe"
"5.84","13","Si fuma","5","0","Si Cafe"
"3.83","12","Si fuma","18","2","No Cafe"
"3.2","15","Si fuma","2","2","No Cafe"
"2","10","Si fuma","3","0","No Cafe"
"4.5","12","Si fuma","31","4","Si Cafe"
"11.55","16","Si fuma","20","5","Si Cafe"
"2.14","13","Si fuma","34","15","Si Cafe"
"2.38","9","No fuma","5","0","No Cafe"
"3.75","12","No fuma","11","0","No Cafe"
"5.52","13","No fuma","31","3","No Cafe"
"6.5","12","Si fuma","8","5","Si Cafe"
"3.1","12","Si fuma","2","2","No Cafe"
"10","14","No fuma","18","5","Si Cafe"
"6.63","16","No fuma","3","0","Si Cafe"
"10","16","No fuma","3","2","Si Cafe"
"2.31","9","Si fuma","4","1","No Cafe"
"6.88","18","No fuma","4","4","No Cafe"
"2.83","10","No fuma","1","0","No Cafe"
"3.13","10","Si fuma","1","0","No Cafe"
"8","13","No fuma","28","5","Si Cafe"
"4.5","12","Si fuma","47","4","Si Cafe"
"8.65","18","Si fuma","13","1","No Cafe"
"2","13","Si fuma","2","6","No Cafe"
"4.75","12","Si fuma","48","2","Si Cafe"
"6.25","13","Si fuma","6","5","Si Cafe"
"6","13","No fuma","8","0","Si Cafe"
"15.38","13","No fuma","25","21","Si Cafe"
"14.58","18","Si fuma","13","7","No Cafe"
"12.5","12","No fuma","8","1","No Cafe"
"5.25","12","Si fuma","19","10","Si Cafe"
"2.17","13","Si fuma","1","4","No Cafe"
"7.14","12","Si fuma","43","5","No Cafe"
"6.22","12","Si fuma","19","9","Si Cafe"
"9","12","Si fuma","11","5","Si Cafe"
"10","14","No fuma","43","4","Si Cafe"
"5.77","10","No fuma","44","3","Si Cafe"
"4","12","Si fuma","22","11","Si Cafe"
"8.75","16","No fuma","3","2","Si Cafe"
"6.53","16","Si fuma","3","2","No Cafe"
"7.6","12","Si fuma","41","11","No Cafe"
"5","14","No fuma","5","0","No Cafe"
"5","12","Si fuma","14","11","No Cafe"
"21.86","12","No fuma","24","16","Si Cafe"
"8.64","12","No fuma","28","8","Si Cafe"
"3.3","12","No fuma","25","8","Si Cafe"
"4.44","12","No fuma","3","0","No Cafe"
"4.55","12","No fuma","11","0","Si Cafe"
"3.5","12","Si fuma","7","6","Si Cafe"
"6.25","16","No fuma","9","2","Si Cafe"
"3.85","16","No fuma","5","0","Si Cafe"
"6.18","14","Si fuma","9","3","Si Cafe"
"2.91","11","Si fuma","1","0","No Cafe"
"6.25","16","Si fuma","2","1","No Cafe"
"6.25","12","Si fuma","13","0","Si Cafe"
"9.05","12","No fuma","10","2","Si Cafe"
"10","17","No fuma","5","3","Si Cafe"
"11.11","12","No fuma","30","8","Si Cafe"
"6.88","12","No fuma","31","19","Si Cafe"
"8.75","16","No fuma","1","2","No Cafe"
"10","8","No fuma","9","0","Si Cafe"
"3.05","12","Si fuma","10","0","Si Cafe"
"3","12","Si fuma","38","0","Si Cafe"
"5.8","12","Si fuma","19","6","Si Cafe"
"4.1","16","Si fuma","5","0","Si Cafe"
"8","12","No fuma","26","2","Si Cafe"
"6.15","12","Si fuma","35","12","No Cafe"
"2.7","9","Si fuma","2","0","No Cafe"
"2.75","13","Si fuma","1","2","No Cafe"
"3","16","Si fuma","19","10","Si Cafe"
"3","14","Si fuma","3","2","No Cafe"
"7.36","8","No fuma","36","24","Si Cafe"
"7.5","14","No fuma","29","24","Si Cafe"
"3.5","13","No fuma","1","2","No Cafe"
"8.1","12","Si fuma","38","3","Si Cafe"
"3.75","18","No fuma","1","2","No Cafe"
"3.25","9","No fuma","29","0","Si Cafe"
"5.83","8","Si fuma","36","15","Si Cafe"
"3.5","8","No fuma","4","0","No Cafe"
"3.33","12","Si fuma","45","4","Si Cafe"
"4","14","Si fuma","22","3","No Cafe"
"3.5","12","Si fuma","20","4","Si Cafe"
"6.25","16","No fuma","5","0","Si Cafe"
"2.95","8","Si fuma","15","2","Si Cafe"
"5.71","13","Si fuma","10","2","Si Cafe"
"3","9","Si fuma","3","0","No Cafe"
"22.86","16","No fuma","16","7","Si Cafe"
"9","12","No fuma","38","1","Si Cafe"
"8.33","15","No fuma","33","26","Si Cafe"
"3","11","No fuma","2","0","No Cafe"
"5.75","14","No fuma","6","5","Si Cafe"
"6.76","12","No fuma","19","3","Si Cafe"
"10","12","No fuma","29","0","Si Cafe"
"3","12","No fuma","2","0","No Cafe"
"3.5","18","Si fuma","3","1","No Cafe"
"3.25","12","No fuma","4","0","No Cafe"
"4","12","Si fuma","10","1","No Cafe"
"2.92","12","Si fuma","4","0","No Cafe"
"3.06","12","Si fuma","14","10","No Cafe"
"3.2","12","Si fuma","15","5","Si Cafe"
"4.75","12","No fuma","19","0","Si Cafe"
"3","14","Si fuma","17","0","Si Cafe"
"18.16","16","No fuma","29","7","Si Cafe"
"3.5","12","Si fuma","2","0","No Cafe"
"4.11","14","No fuma","5","0","No Cafe"
"1.96","11","Si fuma","38","3","No Cafe"
"4.29","12","Si fuma","3","0","No Cafe"
"3","10","No fuma","47","0","No Cafe"
"6.45","12","No fuma","7","6","Si Cafe"
"5.2","6","No fuma","47","13","Si Cafe"
"4.5","13","Si fuma","23","2","No Cafe"
"3.88","12","No fuma","12","3","Si Cafe"
"3.45","10","Si fuma","11","0","No Cafe"
"10.91","12","No fuma","25","23","No Cafe"
"4.1","14","Si fuma","6","0","Si Cafe"
"3","13","No fuma","3","1","No Cafe"
"5.9","12","No fuma","14","7","Si Cafe"
"18","18","Si fuma","13","0","No Cafe"
"4","12","No fuma","9","0","No Cafe"
"3","12","No fuma","1","0","No Cafe"
"3.55","12","Si fuma","6","0","Si Cafe"
"3","12","Si fuma","11","1","Si Cafe"
"8.75","12","No fuma","47","44","Si Cafe"
"2.9","8","Si fuma","49","6","No Cafe"
"6.26","13","Si fuma","37","17","Si Cafe"
"3.5","13","Si fuma","2","0","No Cafe"
"4.6","14","Si fuma","7","0","Si Cafe"
"6","12","No fuma","22","8","No Cafe"
"2.89","10","Si fuma","8","0","No Cafe"
"5.58","16","No fuma","1","1","Si Cafe"
"4","12","Si fuma","43","6","Si Cafe"
"6","16","No fuma","2","2","No Cafe"
"4.5","12","Si fuma","2","1","No Cafe"
"2.92","14","No fuma","1","3","No Cafe"
"4.33","18","No fuma","1","0","No Cafe"
"18.89","17","No fuma","26","20","Si Cafe"
"4.28","13","Si fuma","1","1","No Cafe"
"4.57","14","Si fuma","37","7","Si Cafe"
"6.25","15","Si fuma","12","4","Si Cafe"
"2.95","14","No fuma","41","23","Si Cafe"
"8.75","12","No fuma","24","1","No Cafe"
"8.5","8","No fuma","38","26","No Cafe"
"3.75","12","Si fuma","18","0","Si Cafe"
"3.15","12","No fuma","26","1","Si Cafe"
"5","8","No fuma","45","2","No Cafe"
"6.46","12","No fuma","27","0","Si Cafe"
"2","9","No fuma","2","0","No Cafe"
"4.79","12","No fuma","41","8","Si Cafe"
"5.78","16","No fuma","11","4","Si Cafe"
"3.18","12","Si fuma","5","0","Si Cafe"
"4.68","16","Si fuma","3","1","No Cafe"
"4.1","12","Si fuma","3","2","No Cafe"
"2.91","12","No fuma","4","0","Si Cafe"
"6","13","No fuma","21","13","Si Cafe"
"3.6","10","Si fuma","34","26","Si Cafe"
"3.95","6","No fuma","49","6","Si Cafe"
"7","12","No fuma","6","5","Si Cafe"
"3","12","Si fuma","26","9","Si Cafe"
"6.08","16","No fuma","9","0","No Cafe"
"8.63","12","No fuma","23","9","Si Cafe"
"3","8","No fuma","33","2","Si Cafe"
"3.75","12","Si fuma","5","2","Si Cafe"
"2.9","6","No fuma","49","7","Si Cafe"
"3","4","No fuma","48","0","Si Cafe"
"6.25","11","No fuma","35","31","Si Cafe"
"3.5","11","Si fuma","23","2","No Cafe"
"3","7","Si fuma","26","1","No Cafe"
"3.24","12","Si fuma","16","0","Si Cafe"
"8.02","18","Si fuma","23","3","Si Cafe"
"3.33","12","Si fuma","36","8","Si Cafe"
"30","16","No fuma","4","0","No Cafe"
"6.25","12","No fuma","10","0","Si Cafe"
"3.5","14","No fuma","18","2","Si Cafe"
"2.95","12","No fuma","3","1","No Cafe"
"3","10","Si fuma","7","0","Si Cafe"
"4.69","10","No fuma","7","7","No Cafe"
"3.73","9","Si fuma","33","2","No Cafe"
"4","10","No fuma","34","12","Si Cafe"
"4","12","Si fuma","8","0","Si Cafe"
"2.9","12","Si fuma","17","1","Si Cafe"
"3.05","12","Si fuma","2","0","No Cafe"
"5.05","10","Si fuma","5","0","No Cafe"
"13.95","16","No fuma","41","16","Si Cafe"
"18.16","16","No fuma","35","28","Si Cafe"
"6.25","16","No fuma","11","4","No Cafe"
"5.25","12","No fuma","4","0","No Cafe"
"4.79","12","Si fuma","12","3","Si Cafe"
"3.35","7","Si fuma","35","0","No Cafe"
"3","8","No fuma","33","0","Si Cafe"
"8.43","16","No fuma","8","6","Si Cafe"
"5.7","16","No fuma","2","0","No Cafe"
"11.98","18","No fuma","8","10","Si Cafe"
"3.5","13","Si fuma","29","1","Si Cafe"
"4.24","10","No fuma","14","5","Si Cafe"
"7","16","Si fuma","26","3","Si Cafe"
"6","14","Si fuma","11","3","Si Cafe"
"12.22","16","No fuma","10","2","No Cafe"
"4.5","12","No fuma","13","0","Si Cafe"
"3","9","Si fuma","23","20","Si Cafe"
"2.9","11","No fuma","1","2","No Cafe"
"15","11","No fuma","35","31","Si Cafe"
"4","12","No fuma","5","2","Si Cafe"
"5.25","11","No fuma","13","11","Si Cafe"
"4","12","No fuma","22","3","Si Cafe"
"3.3","12","Si fuma","21","9","Si Cafe"
"5.05","12","Si fuma","19","0","Si Cafe"
"3.58","12","No fuma","13","0","No Cafe"
"5","14","No fuma","15","5","Si Cafe"
"4.57","14","No fuma","3","0","Si Cafe"
"12.5","18","No fuma","6","2","No Cafe"
"3.45","12","Si fuma","6","5","Si Cafe"
"4.63","12","Si fuma","16","1","No Cafe"
"10","12","No fuma","31","2","Si Cafe"
"2.92","11","Si fuma","1","0","No Cafe"
"4.51","12","No fuma","5","2","No Cafe"
"6.5","17","No fuma","3","0","Si Cafe"
"7.5","16","No fuma","11","0","Si Cafe"
"3.54","13","Si fuma","6","7","Si Cafe"
"4.2","13","Si fuma","11","3","Si Cafe"
"3.51","12","Si fuma","7","2","Si Cafe"
"4.5","14","No fuma","5","0","Si Cafe"
"3.35","14","Si fuma","5","4","Si Cafe"
"2.91","11","No fuma","2","2","No Cafe"
"5.25","10","No fuma","44","7","Si Cafe"
"4.05","8","No fuma","44","25","Si Cafe"
"3.75","14","Si fuma","13","0","Si Cafe"
"3.4","12","Si fuma","26","15","Si Cafe"
"3","10","Si fuma","2","1","No Cafe"
"6.29","17","No fuma","10","3","Si Cafe"
"2.54","9","Si fuma","2","0","No Cafe"
"4.5","12","Si fuma","35","0","Si Cafe"
"3.13","12","Si fuma","6","5","Si Cafe"
"6.36","14","No fuma","8","1","Si Cafe"
"4.68","16","No fuma","1","0","No Cafe"
"6.8","12","No fuma","14","10","Si Cafe"
"8.53","10","No fuma","14","6","Si Cafe"
"4.17","0","Si fuma","22","10","No Cafe"
"3.75","14","Si fuma","8","4","Si Cafe"
"11.1","15","Si fuma","1","4","No Cafe"
"3.26","16","Si fuma","15","5","Si Cafe"
"9.13","12","No fuma","14","12","Si Cafe"
"4.5","11","No fuma","37","10","Si Cafe"
"3","11","Si fuma","1","1","No Cafe"
"8.75","12","No fuma","4","4","Si Cafe"
"4.14","13","Si fuma","29","0","Si Cafe"
"2.87","12","Si fuma","45","8","Si Cafe"
"3.35","13","Si fuma","22","0","No Cafe"
"6.08","16","No fuma","42","10","No Cafe"
"3","15","No fuma","9","0","No Cafe"
"4.2","16","Si fuma","8","0","Si Cafe"
"5.6","15","Si fuma","31","15","No Cafe"
"10","12","No fuma","24","24","Si Cafe"
"12.5","18","No fuma","16","5","Si Cafe"
"3.76","6","No fuma","6","0","No Cafe"
"3.1","6","Si fuma","14","0","No Cafe"
"4.29","12","Si fuma","47","25","Si Cafe"
"10.92","12","No fuma","34","5","Si Cafe"
"7.5","16","Si fuma","6","2","Si Cafe"
"4.05","9","Si fuma","7","4","Si Cafe"
"4.65","12","No fuma","27","2","Si Cafe"
"5","11","No fuma","24","5","Si Cafe"
"2.9","10","Si fuma","18","0","Si Cafe"
"8","12","Si fuma","12","3","No Cafe"
"8.43","8","No fuma","27","3","Si Cafe"
"1212","9","Si fuma","49","0","No Cafe"
"6.25","17","Si fuma","4","0","No Cafe"
"6.25","16","Si fuma","24","2","Si Cafe"
"5.11","11","No fuma","3","0","No Cafe"
"4","10","Si fuma","2","0","No Cafe"
"4.44","8","No fuma","29","11","Si Cafe"
"6.88","13","No fuma","34","21","Si Cafe"
"5.43","14","No fuma","10","3","Si Cafe"
"3","13","Si fuma","5","0","No Cafe"
"2.9","11","Si fuma","2","0","No Cafe"
"6.25","7","No fuma","39","21","Si Cafe"
"4.34","16","Si fuma","5","2","No Cafe"
"3.25","12","Si fuma","14","2","Si Cafe"
"7.26","13","No fuma","8","2","No Cafe"
"6.35","14","Si fuma","10","1","Si Cafe"
"5.63","16","No fuma","2","2","Si Cafe"
"8.75","14","No fuma","9","3","Si Cafe"
"3.2","11","No fuma","1","0","No Cafe"
"3","8","Si fuma","45","1","Si Cafe"
"3","14","Si fuma","33","3","Si Cafe"
"12.5","17","No fuma","21","18","Si Cafe"
"2.88","10","Si fuma","2","0","No Cafe"
"3.35","12","No fuma","9","1","Si Cafe"
"6.5","12","No fuma","33","2","Si Cafe"
"10.38","18","No fuma","16","2","Si Cafe"
"4.5","14","No fuma","10","0","Si Cafe"
"10","18","No fuma","9","8","No Cafe"
"3.81","12","Si fuma","8","1","Si Cafe"
"8.8","16","No fuma","9","1","Si Cafe"
"9.42","14","Si fuma","23","0","Si Cafe"
"6.33","12","No fuma","23","8","Si Cafe"
"4","9","No fuma","22","18","No Cafe"
"2.9","12","Si fuma","37","0","Si Cafe"
"20","12","No fuma","22","4","Si Cafe"
"11.25","17","No fuma","28","25","Si Cafe"
"3.5","12","Si fuma","14","0","No Cafe"
"6","15","Si fuma","19","4","Si Cafe"
"14.38","17","No fuma","10","9","Si Cafe"
"6.36","16","No fuma","25","0","Si Cafe"
"3.55","12","Si fuma","21","0","Si Cafe"
"3","15","No fuma","32","0","Si Cafe"
"4.5","16","No fuma","21","10","Si Cafe"
"6.63","12","Si fuma","36","0","No Cafe"
"9.3","15","No fuma","2","2","Si Cafe"
"3","12","Si fuma","11","0","Si Cafe"
"3.25","12","Si fuma","40","2","No Cafe"
"1.5","12","Si fuma","11","1","Si Cafe"
"5.9","12","Si fuma","9","7","Si Cafe"
"8","16","No fuma","23","4","No Cafe"
"2.9","11","Si fuma","1","0","No Cafe"
"3.29","14","No fuma","30","13","No Cafe"
"6.5","14","No fuma","41","33","Si Cafe"
"4","13","Si fuma","6","0","No Cafe"
"6","14","No fuma","11","0","Si Cafe"
"4.08","12","Si fuma","43","17","Si Cafe"
"3.75","12","Si fuma","39","2","Si Cafe"
"3.05","8","Si fuma","50","24","No Cafe"
"3.5","12","Si fuma","26","20","Si Cafe"
"2.92","3","No fuma","51","30","No Cafe"
"4.5","11","No fuma","3","9","No Cafe"
"3.35","15","Si fuma","3","1","Si Cafe"
"5.95","11","No fuma","15","9","Si Cafe"
"8","12","No fuma","17","6","Si Cafe"
"3","4","No fuma","36","0","Si Cafe"
"5","9","No fuma","31","9","Si Cafe"
"5.5","12","No fuma","9","4","Si Cafe"
"2.65","12","Si fuma","42","10","Si Cafe"
"3","11","Si fuma","3","0","No Cafe"
"4.5","12","Si fuma","37","14","Si Cafe"
"17.5","16","No fuma","23","22","Si Cafe"
"8.18","13","No fuma","21","5","No Cafe"
"9.09","15","No fuma","11","12","Si Cafe"
"3.1","11","Si fuma","2","0","No Cafe"
"3.24","12","Si fuma","22","2","Si Cafe"
"3","11","No fuma","2","0","No Cafe"
"6","8","No fuma","44","28","Si Cafe"
"5.3","12","No fuma","7","2","Si Cafe"
"8.75","16","No fuma","9","8","Si Cafe"
"11.25","18","No fuma","15","7","No Cafe"
"5","12","Si fuma","5","3","No Cafe"
"3.6","12","Si fuma","26","4","No Cafe"
"18.18","17","No fuma","22","21","Si Cafe"
"6.25","16","Si fuma","8","2","No Cafe"
"8.13","13","Si fuma","3","0","No Cafe"
"8.77","12","No fuma","15","0","Si Cafe"
"5.5","12","No fuma","18","3","No Cafe"
"22.2","12","No fuma","31","15","Si Cafe"
